alg,cl,Cn,Mu,FL,padj,pval,overlapGenes
infomap,4,17,3,True,0.0029774253781214,0.0014887126890607,"5595, 56924, 1630"
infomap,8,53,3,True,0.0752608908571345,0.0376304454285672,"9228, 2903, 57502"
sgG1,23,126,6,True,0.0107154730459716,0.0053577365229857,"9228, 2903, 2911, 57502, 9568, 9892"
sgG1,20,20,2,True,0.0649574699362333,0.0324787349681166,"5789, 11141"
sgG2,13,23,3,True,0.0073660029463754,0.0036830014731877,"5595, 56924, 1630"
sgG2,19,59,3,True,0.0991632660349761,0.0495816330174881,"9228, 2903, 57502"
sgG5,72,15,3,True,0.0020266273832427,0.0010133136916213,"5595, 56924, 1630"
sgG5,29,13,2,True,0.0282607741875756,0.0141303870937878,"11141, 9568"
spectral,5,82,4,True,0.0508138438272391,0.0254069219136196,"9228, 2903, 57502, 9568"
